,Date(UTC),Value
0,2015-07-30,6912.0
1,2015-07-31,6863.0
2,2015-08-01,5293.0
3,2015-08-02,5358.0
4,2015-08-03,5280.0
5,2015-08-04,5368.0
6,2015-08-05,5235.0
7,2015-08-06,5116.0
8,2015-08-07,5189.0
9,2015-08-08,5256.0
10,2015-08-09,5123.0
11,2015-08-10,5255.0
12,2015-08-11,5280.0
13,2015-08-12,5124.0
14,2015-08-13,5286.0
15,2015-08-14,5809.0
16,2015-08-15,5382.0
17,2015-08-16,5132.0
18,2015-08-17,5347.0
19,2015-08-18,4948.0
20,2015-08-19,5192.0
21,2015-08-20,4024.0
22,2015-08-21,5088.0
23,2015-08-22,5271.0
24,2015-08-23,5013.0
25,2015-08-24,5184.0
26,2015-08-25,5097.0
27,2015-08-26,5003.0
28,2015-08-27,4708.0
29,2015-08-28,4653.0
30,2015-08-29,4329.0
31,2015-08-30,4155.0
32,2015-08-31,4122.0
33,2015-09-01,3938.0
34,2015-09-02,3577.0
35,2015-09-03,3383.0
36,2015-09-04,4443.0
37,2015-09-05,4921.0
38,2015-09-06,4978.0
39,2015-09-07,4834.0
40,2015-09-08,4923.0
41,2015-09-09,5035.0
42,2015-09-10,5003.0
43,2015-09-11,5141.0
44,2015-09-12,5026.0
45,2015-09-13,4971.0
46,2015-09-14,4851.0
47,2015-09-15,4842.0
48,2015-09-16,4956.0
49,2015-09-17,4808.0
50,2015-09-18,4889.0
51,2015-09-19,5078.0
52,2015-09-20,5305.0
53,2015-09-21,5075.0
54,2015-09-22,5051.0
55,2015-09-23,5165.0
56,2015-09-24,5021.0
57,2015-09-25,5126.0
58,2015-09-26,4930.0
59,2015-09-27,4773.0
60,2015-09-28,4738.0
61,2015-09-29,4640.0
62,2015-09-30,4757.0
63,2015-10-01,5210.0
64,2015-10-02,5143.0
65,2015-10-03,5077.0
66,2015-10-04,4886.0
67,2015-10-05,5009.0
68,2015-10-06,4806.0
69,2015-10-07,5004.0
70,2015-10-08,5152.0
71,2015-10-09,4905.0
72,2015-10-10,4896.0
73,2015-10-11,5073.0
74,2015-10-12,5148.0
75,2015-10-13,5108.0
76,2015-10-14,4934.0
77,2015-10-15,4926.0
78,2015-10-16,4883.0
79,2015-10-17,5056.0
80,2015-10-18,4945.0
81,2015-10-19,4975.0
82,2015-10-20,4990.0
83,2015-10-21,4990.0
84,2015-10-22,4835.0
85,2015-10-23,5263.0
86,2015-10-24,5171.0
87,2015-10-25,5096.0
88,2015-10-26,4908.0
89,2015-10-27,5220.0
90,2015-10-28,4967.0
91,2015-10-29,5158.0
92,2015-10-30,5232.0
93,2015-10-31,5129.0
94,2015-11-01,5158.0
95,2015-11-02,5024.0
96,2015-11-03,5085.0
97,2015-11-04,5125.0
98,2015-11-05,5103.0
99,2015-11-06,5142.0
100,2015-11-07,4922.0
101,2015-11-08,5021.0
102,2015-11-09,5024.0
103,2015-11-10,5053.0
104,2015-11-11,5028.0
105,2015-11-12,5079.0
106,2015-11-13,5119.0
107,2015-11-14,5127.0
108,2015-11-15,5195.0
109,2015-11-16,5039.0
110,2015-11-17,5163.0
111,2015-11-18,5075.0
112,2015-11-19,4977.0
113,2015-11-20,4721.0
114,2015-11-21,5035.0
115,2015-11-22,5049.0
116,2015-11-23,5089.0
117,2015-11-24,5001.0
118,2015-11-25,4940.0
119,2015-11-26,4940.0
120,2015-11-27,5174.0
121,2015-11-28,5008.0
122,2015-11-29,5050.0
123,2015-11-30,5080.0
124,2015-12-01,5078.0
125,2015-12-02,4824.0
126,2015-12-03,5205.0
127,2015-12-04,5008.0
128,2015-12-05,5006.0
129,2015-12-06,4913.0
130,2015-12-07,4971.0
131,2015-12-08,4911.0
132,2015-12-09,5208.0
133,2015-12-10,5144.0
134,2015-12-11,5062.0
135,2015-12-12,5076.0
136,2015-12-13,5280.0
137,2015-12-14,4999.0
138,2015-12-15,5070.0
139,2015-12-16,4982.0
140,2015-12-17,5060.0
141,2015-12-18,5020.0
142,2015-12-19,5038.0
143,2015-12-20,4947.0
144,2015-12-21,4976.0
145,2015-12-22,5129.0
146,2015-12-23,5112.0
147,2015-12-24,5018.0
148,2015-12-25,5080.0
149,2015-12-26,5004.0
150,2015-12-27,5018.0
151,2015-12-28,5081.0
152,2015-12-29,4981.0
153,2015-12-30,5028.0
154,2015-12-31,5040.0
155,2016-01-01,4885.0
156,2016-01-02,5095.0
157,2016-01-03,5134.0
158,2016-01-04,5096.0
159,2016-01-05,5126.0
160,2016-01-06,5090.0
161,2016-01-07,4981.0
162,2016-01-08,5176.0
163,2016-01-09,5099.0
164,2016-01-10,5093.0
165,2016-01-11,5107.0
166,2016-01-12,4930.0
167,2016-01-13,5002.0
168,2016-01-14,5090.0
169,2016-01-15,5084.0
170,2016-01-16,5046.0
171,2016-01-17,5036.0
172,2016-01-18,5072.0
173,2016-01-19,4972.0
174,2016-01-20,5038.0
175,2016-01-21,4963.0
176,2016-01-22,5007.0
177,2016-01-23,4928.0
178,2016-01-24,5168.0
179,2016-01-25,4881.0
180,2016-01-26,5152.0
181,2016-01-27,4983.0
182,2016-01-28,5059.0
183,2016-01-29,4981.0
184,2016-01-30,5017.0
185,2016-01-31,4872.0
186,2016-02-01,5015.0
187,2016-02-02,4955.0
188,2016-02-03,5199.0
189,2016-02-04,5062.0
190,2016-02-05,5046.0
191,2016-02-06,4987.0
192,2016-02-07,5087.0
193,2016-02-08,5071.0
194,2016-02-09,5055.0
195,2016-02-10,4961.0
196,2016-02-11,5019.0
197,2016-02-12,5033.0
198,2016-02-13,5093.0
199,2016-02-14,4990.0
200,2016-02-15,4975.0
201,2016-02-16,5025.0
202,2016-02-17,4857.0
203,2016-02-18,4999.0
204,2016-02-19,5033.0
205,2016-02-20,5051.0
206,2016-02-21,5055.0
207,2016-02-22,5103.0
208,2016-02-23,4969.0
209,2016-02-24,5029.0
210,2016-02-25,5128.0
211,2016-02-26,5055.0
212,2016-02-27,4992.0
213,2016-02-28,5029.0
214,2016-02-29,4820.0
215,2016-03-01,5052.0
216,2016-03-02,5086.0
217,2016-03-03,5014.0
218,2016-03-04,4994.0
219,2016-03-05,5138.0
220,2016-03-06,4907.0
221,2016-03-07,5026.0
222,2016-03-08,5017.0
223,2016-03-09,4989.0
224,2016-03-10,5196.0
225,2016-03-11,5065.0
226,2016-03-12,5023.0
227,2016-03-13,5186.0
228,2016-03-14,5108.0
229,2016-03-15,5979.0
230,2016-03-16,6025.0
231,2016-03-17,6082.0
232,2016-03-18,5962.0
233,2016-03-19,6082.0
234,2016-03-20,6027.0
235,2016-03-21,5994.0
236,2016-03-22,6071.0
237,2016-03-23,5974.0
238,2016-03-24,6101.0
239,2016-03-25,6066.0
240,2016-03-26,6095.0
241,2016-03-27,6046.0
242,2016-03-28,5999.0
243,2016-03-29,6010.0
244,2016-03-30,6047.0
245,2016-03-31,6021.0
246,2016-04-01,6081.0
247,2016-04-02,5936.0
248,2016-04-03,6035.0
249,2016-04-04,6086.0
250,2016-04-05,6033.0
251,2016-04-06,6004.0
252,2016-04-07,5953.0
253,2016-04-08,6102.0
254,2016-04-09,5933.0
255,2016-04-10,6065.0
256,2016-04-11,5937.0
257,2016-04-12,6015.0
258,2016-04-13,6015.0
259,2016-04-14,6021.0
260,2016-04-15,6059.0
261,2016-04-16,6019.0
262,2016-04-17,6015.0
263,2016-04-18,6055.0
264,2016-04-19,5969.0
265,2016-04-20,6050.0
266,2016-04-21,5990.0
267,2016-04-22,6031.0
268,2016-04-23,6051.0
269,2016-04-24,5981.0
270,2016-04-25,6104.0
271,2016-04-26,5952.0
272,2016-04-27,6062.0
273,2016-04-28,6030.0
274,2016-04-29,6030.0
275,2016-04-30,6058.0
276,2016-05-01,5942.0
277,2016-05-02,6080.0
278,2016-05-03,6054.0
279,2016-05-04,5980.0
280,2016-05-05,6037.0
281,2016-05-06,6022.0
282,2016-05-07,5988.0
283,2016-05-08,6051.0
284,2016-05-09,6044.0
285,2016-05-10,6012.0
286,2016-05-11,5914.0
287,2016-05-12,6099.0
288,2016-05-13,6064.0
289,2016-05-14,5958.0
290,2016-05-15,6015.0
291,2016-05-16,5961.0
292,2016-05-17,6071.0
293,2016-05-18,6063.0
294,2016-05-19,6011.0
295,2016-05-20,6037.0
296,2016-05-21,5981.0
297,2016-05-22,6084.0
298,2016-05-23,6013.0
299,2016-05-24,6010.0
300,2016-05-25,6029.0
301,2016-05-26,6019.0
302,2016-05-27,6045.0
303,2016-05-28,6019.0
304,2016-05-29,6001.0
305,2016-05-30,6007.0
306,2016-05-31,5936.0
307,2016-06-01,6039.0
308,2016-06-02,6072.0
309,2016-06-03,6029.0
310,2016-06-04,6016.0
311,2016-06-05,5963.0
312,2016-06-06,6108.0
313,2016-06-07,5990.0
314,2016-06-08,6091.0
315,2016-06-09,6092.0
316,2016-06-10,5902.0
317,2016-06-11,6114.0
318,2016-06-12,6065.0
319,2016-06-13,6084.0
320,2016-06-14,6035.0
321,2016-06-15,6007.0
322,2016-06-16,6015.0
323,2016-06-17,5849.0
324,2016-06-18,5889.0
325,2016-06-19,6222.0
326,2016-06-20,5949.0
327,2016-06-21,5999.0
328,2016-06-22,6139.0
329,2016-06-23,6003.0
330,2016-06-24,6042.0
331,2016-06-25,5998.0
332,2016-06-26,6052.0
333,2016-06-27,6052.0
334,2016-06-28,6067.0
335,2016-06-29,5991.0
336,2016-06-30,5985.0
337,2016-07-01,6127.0
338,2016-07-02,6003.0
339,2016-07-03,6045.0
340,2016-07-04,6067.0
341,2016-07-05,5949.0
342,2016-07-06,6088.0
343,2016-07-07,6036.0
344,2016-07-08,5996.0
345,2016-07-09,6126.0
346,2016-07-10,6046.0
347,2016-07-11,6029.0
348,2016-07-12,6006.0
349,2016-07-13,6086.0
350,2016-07-14,6001.0
351,2016-07-15,5988.0
352,2016-07-16,6081.0
353,2016-07-17,6029.0
354,2016-07-18,6109.0
355,2016-07-19,5970.0
356,2016-07-20,5946.0
357,2016-07-21,6154.0
358,2016-07-22,5957.0
359,2016-07-23,6093.0
360,2016-07-24,5937.0
361,2016-07-25,6030.0
362,2016-07-26,5809.0
363,2016-07-27,6175.0
364,2016-07-28,6081.0
365,2016-07-29,5979.0
366,2016-07-30,5981.0
367,2016-07-31,6029.0
368,2016-08-01,5961.0
369,2016-08-02,5894.0
370,2016-08-03,5984.0
371,2016-08-04,6192.0
372,2016-08-05,6065.0
373,2016-08-06,5978.0
374,2016-08-07,6077.0
375,2016-08-08,6059.0
376,2016-08-09,6130.0
377,2016-08-10,6054.0
378,2016-08-11,6068.0
379,2016-08-12,6014.0
380,2016-08-13,6032.0
381,2016-08-14,6034.0
382,2016-08-15,6090.0
383,2016-08-16,6054.0
384,2016-08-17,6009.0
385,2016-08-18,6100.0
386,2016-08-19,6014.0
387,2016-08-20,6055.0
388,2016-08-21,6084.0
389,2016-08-22,6078.0
390,2016-08-23,6015.0
391,2016-08-24,6053.0
392,2016-08-25,6094.0
393,2016-08-26,6006.0
394,2016-08-27,6076.0
395,2016-08-28,6035.0
396,2016-08-29,6014.0
397,2016-08-30,6026.0
398,2016-08-31,6073.0
399,2016-09-01,5989.0
400,2016-09-02,6088.0
401,2016-09-03,5949.0
402,2016-09-04,6023.0
403,2016-09-05,6076.0
404,2016-09-06,5993.0
405,2016-09-07,6118.0
406,2016-09-08,6016.0
407,2016-09-09,6074.0
408,2016-09-10,5999.0
409,2016-09-11,6093.0
410,2016-09-12,6063.0
411,2016-09-13,6003.0
412,2016-09-14,6091.0
413,2016-09-15,6031.0
414,2016-09-16,6065.0
415,2016-09-17,6044.0
416,2016-09-18,5598.0
417,2016-09-19,6409.0
418,2016-09-20,6167.0
419,2016-09-21,6062.0
420,2016-09-22,5746.0
421,2016-09-23,6226.0
422,2016-09-24,5877.0
423,2016-09-25,6267.0
424,2016-09-26,5843.0
425,2016-09-27,6053.0
426,2016-09-28,6106.0
427,2016-09-29,6126.0
428,2016-09-30,6008.0
429,2016-10-01,5780.0
430,2016-10-02,6068.0
431,2016-10-03,6204.0
432,2016-10-04,6077.0
433,2016-10-05,5817.0
434,2016-10-06,5953.0
435,2016-10-07,5887.0
436,2016-10-08,6200.0
437,2016-10-09,6049.0
438,2016-10-10,6041.0
439,2016-10-11,6050.0
440,2016-10-12,5910.0
441,2016-10-13,6114.0
442,2016-10-14,6079.0
443,2016-10-15,6027.0
444,2016-10-16,6055.0
445,2016-10-17,5959.0
446,2016-10-18,6119.0
447,2016-10-19,5774.0
448,2016-10-20,6298.0
449,2016-10-21,6097.0
450,2016-10-22,6041.0
451,2016-10-23,5993.0
452,2016-10-24,6065.0
453,2016-10-25,6028.0
454,2016-10-26,6096.0
455,2016-10-27,6018.0
456,2016-10-28,5943.0
457,2016-10-29,5668.0
458,2016-10-30,6059.0
459,2016-10-31,6092.0
460,2016-11-01,5839.0
461,2016-11-02,5952.0
462,2016-11-03,5950.0
463,2016-11-04,5904.0
464,2016-11-05,5996.0
465,2016-11-06,6054.0
466,2016-11-07,6315.0
467,2016-11-08,6159.0
468,2016-11-09,5924.0
469,2016-11-10,5966.0
470,2016-11-11,5992.0
471,2016-11-12,6086.0
472,2016-11-13,6203.0
473,2016-11-14,6067.0
474,2016-11-15,6006.0
475,2016-11-16,6045.0
476,2016-11-17,5868.0
477,2016-11-18,6289.0
478,2016-11-19,6150.0
479,2016-11-20,6179.0
480,2016-11-21,6073.0
481,2016-11-22,5922.0
482,2016-11-23,5837.0
483,2016-11-24,5914.0
484,2016-11-25,6111.0
485,2016-11-26,5938.0
486,2016-11-27,5945.0
487,2016-11-28,6042.0
488,2016-11-29,5988.0
489,2016-11-30,6061.0
490,2016-12-01,6057.0
491,2016-12-02,6075.0
492,2016-12-03,6160.0
493,2016-12-04,5983.0
494,2016-12-05,6004.0
495,2016-12-06,6089.0
496,2016-12-07,6073.0
497,2016-12-08,6125.0
498,2016-12-09,6050.0
499,2016-12-10,6075.0
500,2016-12-11,6098.0
501,2016-12-12,5999.0
502,2016-12-13,6070.0
503,2016-12-14,6080.0
504,2016-12-15,6001.0
505,2016-12-16,6075.0
506,2016-12-17,6116.0
507,2016-12-18,6096.0
508,2016-12-19,6032.0
509,2016-12-20,6069.0
510,2016-12-21,6070.0
511,2016-12-22,5956.0
512,2016-12-23,5954.0
513,2016-12-24,6006.0
514,2016-12-25,6127.0
515,2016-12-26,6066.0
516,2016-12-27,5998.0
517,2016-12-28,6056.0
518,2016-12-29,6082.0
519,2016-12-30,6063.0
520,2016-12-31,5993.0
521,2017-01-01,6111.0
522,2017-01-02,6058.0
523,2017-01-03,6035.0
524,2017-01-04,6141.0
525,2017-01-05,6091.0
526,2017-01-06,6009.0
527,2017-01-07,6108.0
528,2017-01-08,6074.0
529,2017-01-09,6082.0
530,2017-01-10,6030.0
531,2017-01-11,6047.0
532,2017-01-12,6056.0
533,2017-01-13,6106.0
534,2017-01-14,6067.0
535,2017-01-15,6085.0
536,2017-01-16,6052.0
537,2017-01-17,6002.0
538,2017-01-18,6065.0
539,2017-01-19,6158.0
540,2017-01-20,5963.0
541,2017-01-21,6046.0
542,2017-01-22,6065.0
543,2017-01-23,6048.0
544,2017-01-24,6037.0
545,2017-01-25,6010.0
546,2017-01-26,6081.0
547,2017-01-27,5985.0
548,2017-01-28,6063.0
549,2017-01-29,5960.0
550,2017-01-30,6094.0
551,2017-01-31,6018.0
552,2017-02-01,6009.0
553,2017-02-02,6047.0
554,2017-02-03,5990.0
555,2017-02-04,6078.0
556,2017-02-05,6077.0
557,2017-02-06,6050.0
558,2017-02-07,5998.0
559,2017-02-08,6067.0
560,2017-02-09,6029.0
561,2017-02-10,6040.0
562,2017-02-11,6038.0
563,2017-02-12,6059.0
564,2017-02-13,6070.0
565,2017-02-14,6023.0
566,2017-02-15,6089.0
567,2017-02-16,6052.0
568,2017-02-17,6012.0
569,2017-02-18,5999.0
570,2017-02-19,6019.0
571,2017-02-20,6015.0
572,2017-02-21,6052.0
573,2017-02-22,5968.0
574,2017-02-23,6019.0
575,2017-02-24,6011.0
576,2017-02-25,6039.0
577,2017-02-26,6089.0
578,2017-02-27,5988.0
579,2017-02-28,6107.0
580,2017-03-01,5958.0
581,2017-03-02,6061.0
582,2017-03-03,6006.0
583,2017-03-04,5985.0
584,2017-03-05,6073.0
585,2017-03-06,5977.0
586,2017-03-07,5978.0
587,2017-03-08,6016.0
588,2017-03-09,5928.0
589,2017-03-10,5953.0
590,2017-03-11,6002.0
591,2017-03-12,5919.0
592,2017-03-13,6040.0
593,2017-03-14,5961.0
594,2017-03-15,5986.0
595,2017-03-16,5990.0
596,2017-03-17,6046.0
597,2017-03-18,5991.0
598,2017-03-19,5950.0
599,2017-03-20,6066.0
600,2017-03-21,5957.0
601,2017-03-22,6008.0
602,2017-03-23,5914.0
603,2017-03-24,5913.0
604,2017-03-25,5962.0
605,2017-03-26,5981.0
606,2017-03-27,5951.0
607,2017-03-28,5900.0
608,2017-03-29,5988.0
609,2017-03-30,5910.0
610,2017-03-31,5971.0
611,2017-04-01,5926.0
612,2017-04-02,5846.0
613,2017-04-03,5979.0
614,2017-04-04,5932.0
615,2017-04-05,5986.0
616,2017-04-06,5880.0
617,2017-04-07,5946.0
618,2017-04-08,5936.0
619,2017-04-09,5797.0
620,2017-04-10,5758.0
621,2017-04-11,5849.0
622,2017-04-12,5779.0
623,2017-04-13,5798.0
624,2017-04-14,5908.0
625,2017-04-15,5721.0
626,2017-04-16,5820.0
627,2017-04-17,5861.0
628,2017-04-18,5861.0
629,2017-04-19,5718.0
630,2017-04-20,5859.0
631,2017-04-21,5878.0
632,2017-04-22,5792.0
633,2017-04-23,5864.0
634,2017-04-24,5721.0
635,2017-04-25,5897.0
636,2017-04-26,5637.0
637,2017-04-27,5642.0
638,2017-04-28,5697.0
639,2017-04-29,5626.0
640,2017-04-30,5648.0
641,2017-05-01,5624.0
642,2017-05-02,5619.0
643,2017-05-03,5649.0
644,2017-05-04,5649.0
645,2017-05-05,5675.0
646,2017-05-06,5678.0
647,2017-05-07,5718.0
648,2017-05-08,5640.0
649,2017-05-09,5672.0
650,2017-05-10,5648.0
651,2017-05-11,5702.0
652,2017-05-12,5688.0
653,2017-05-13,5591.0
654,2017-05-14,5402.0
655,2017-05-15,5401.0
656,2017-05-16,5457.0
657,2017-05-17,5325.0
658,2017-05-18,5462.0
659,2017-05-19,5424.0
660,2017-05-20,5489.0
661,2017-05-21,5437.0
662,2017-05-22,5468.0
663,2017-05-23,5419.0
664,2017-05-24,5427.0
665,2017-05-25,5465.0
666,2017-05-26,5492.0
667,2017-05-27,5439.0
668,2017-05-28,5453.0
669,2017-05-29,5579.0
670,2017-05-30,5581.0
671,2017-05-31,5412.0
672,2017-06-01,5276.0
673,2017-06-02,5087.0
674,2017-06-03,5206.0
675,2017-06-04,5160.0
676,2017-06-05,5249.0
677,2017-06-06,5208.0
678,2017-06-07,5239.0
679,2017-06-08,5209.0
680,2017-06-09,5214.0
681,2017-06-10,5332.0
682,2017-06-11,5246.0
683,2017-06-12,5237.0
684,2017-06-13,5272.0
685,2017-06-14,5293.0
686,2017-06-15,5305.0
687,2017-06-16,5336.0
688,2017-06-17,5279.0
689,2017-06-18,5347.0
690,2017-06-19,5334.0
691,2017-06-20,4967.0
692,2017-06-21,4898.0
693,2017-06-22,4944.0
694,2017-06-23,4890.0
695,2017-06-24,4939.0
696,2017-06-25,4926.0
697,2017-06-26,4965.0
698,2017-06-27,5001.0
699,2017-06-28,4961.0
700,2017-06-29,5027.0
701,2017-06-30,5036.0
702,2017-07-01,5009.0
703,2017-07-02,5034.0
704,2017-07-03,5052.0
705,2017-07-04,5078.0
706,2017-07-05,4985.0
707,2017-07-06,5046.0
708,2017-07-07,5084.0
709,2017-07-08,5087.0
710,2017-07-09,5094.0
711,2017-07-10,4594.0
712,2017-07-11,4520.0
713,2017-07-12,4509.0
714,2017-07-13,4512.0
715,2017-07-14,4502.0
716,2017-07-15,4603.0
717,2017-07-16,4575.0
718,2017-07-17,4459.0
719,2017-07-18,4551.0
720,2017-07-19,4637.0
721,2017-07-20,4632.0
722,2017-07-21,4543.0
723,2017-07-22,4649.0
724,2017-07-23,4660.0
725,2017-07-24,4582.0
726,2017-07-25,4686.0
727,2017-07-26,4650.0
728,2017-07-27,4634.0
729,2017-07-28,4647.0
730,2017-07-29,4683.0
731,2017-07-30,4704.0
732,2017-07-31,4535.0
733,2017-08-01,4087.0
734,2017-08-02,4044.0
735,2017-08-03,3976.0
736,2017-08-04,4040.0
737,2017-08-05,4034.0
738,2017-08-06,4032.0
739,2017-08-07,4094.0
740,2017-08-08,4093.0
741,2017-08-09,4113.0
742,2017-08-10,4029.0
743,2017-08-11,4105.0
744,2017-08-12,4113.0
745,2017-08-13,4129.0
746,2017-08-14,4133.0
747,2017-08-15,4132.0
748,2017-08-16,4166.0
749,2017-08-17,4144.0
750,2017-08-18,4136.0
751,2017-08-19,4211.0
752,2017-08-20,4156.0
753,2017-08-21,4233.0
754,2017-08-22,4185.0
755,2017-08-23,4216.0
756,2017-08-24,4184.0
757,2017-08-25,3554.0
758,2017-08-26,3499.0
759,2017-08-27,3514.0
760,2017-08-28,3446.0
761,2017-08-29,3541.0
762,2017-08-30,3531.0
763,2017-08-31,3473.0
764,2017-09-01,3521.0
765,2017-09-02,3541.0
766,2017-09-03,3539.0
767,2017-09-04,3527.0
768,2017-09-05,3559.0
769,2017-09-06,3510.0
770,2017-09-07,3547.0
771,2017-09-08,3592.0
772,2017-09-09,3561.0
773,2017-09-10,3574.0
774,2017-09-11,3551.0
775,2017-09-12,3603.0
776,2017-09-13,3536.0
777,2017-09-14,3599.0
778,2017-09-15,3616.0
779,2017-09-16,3609.0
780,2017-09-17,3630.0
781,2017-09-18,3557.0
782,2017-09-19,3628.0
783,2017-09-20,3600.0
784,2017-09-21,3645.0
785,2017-09-22,3001.0
786,2017-09-23,2884.0
787,2017-09-24,2938.0
788,2017-09-25,2836.0
789,2017-09-26,2890.0
790,2017-09-27,2904.0
791,2017-09-28,2856.0
792,2017-09-29,2829.0
793,2017-09-30,2840.0
794,2017-10-01,2862.0
795,2017-10-02,2842.0
796,2017-10-03,2862.0
797,2017-10-04,2886.0
798,2017-10-05,2946.0
799,2017-10-06,2848.0
800,2017-10-07,2848.0
801,2017-10-08,2879.0
802,2017-10-09,2882.0
803,2017-10-10,2915.0
804,2017-10-11,2915.0
805,2017-10-12,2899.0
806,2017-10-13,2891.0
807,2017-10-14,2887.0
808,2017-10-15,2925.0
809,2017-10-16,4554.0
810,2017-10-17,6050.0
811,2017-10-18,6221.0
812,2017-10-19,6241.0
813,2017-10-20,6237.0
814,2017-10-21,6229.0
815,2017-10-22,6280.0
816,2017-10-23,6254.0
817,2017-10-24,6248.0
818,2017-10-25,6176.0
819,2017-10-26,6157.0
820,2017-10-27,6229.0
821,2017-10-28,6240.0
822,2017-10-29,6194.0
823,2017-10-30,6072.0
824,2017-10-31,6275.0
825,2017-11-01,6142.0
826,2017-11-02,6144.0
827,2017-11-03,6208.0
828,2017-11-04,6196.0
829,2017-11-05,6299.0
830,2017-11-06,6199.0
831,2017-11-07,6211.0
832,2017-11-08,6236.0
833,2017-11-09,6195.0
834,2017-11-10,6300.0
835,2017-11-11,6267.0
836,2017-11-12,6245.0
837,2017-11-13,6225.0
838,2017-11-14,6122.0
839,2017-11-15,6237.0
840,2017-11-16,6154.0
841,2017-11-17,6235.0
842,2017-11-18,6215.0
843,2017-11-19,6266.0
844,2017-11-20,6176.0
845,2017-11-21,6174.0
846,2017-11-22,6242.0
847,2017-11-23,6190.0
848,2017-11-24,6234.0
849,2017-11-25,6201.0
850,2017-11-26,6169.0
851,2017-11-27,6086.0
852,2017-11-28,6094.0
853,2017-11-29,6108.0
854,2017-11-30,6151.0
855,2017-12-01,6127.0
856,2017-12-02,6053.0
857,2017-12-03,6029.0
858,2017-12-04,5671.0
859,2017-12-05,5588.0
860,2017-12-06,5473.0
861,2017-12-07,5798.0
862,2017-12-08,5803.0
863,2017-12-09,5813.0
864,2017-12-10,5781.0
865,2017-12-11,5749.0
866,2017-12-12,5715.0
867,2017-12-13,5659.0
868,2017-12-14,5694.0
869,2017-12-15,5800.0
870,2017-12-16,5775.0
871,2017-12-17,5781.0
872,2017-12-18,5781.0
873,2017-12-19,5604.0
874,2017-12-20,5571.0
875,2017-12-21,5570.0
876,2017-12-22,5652.0
877,2017-12-23,5947.0
878,2017-12-24,5981.0
879,2017-12-25,6032.0
880,2017-12-26,5992.0
881,2017-12-27,5966.0
882,2017-12-28,5889.0
883,2017-12-29,5786.0
884,2017-12-30,5773.0
885,2017-12-31,5907.0
886,2018-01-01,5926.0
887,2018-01-02,5750.0
888,2018-01-03,5540.0
889,2018-01-04,5454.0
890,2018-01-05,5341.0
891,2018-01-06,5416.0
892,2018-01-07,5528.0
893,2018-01-08,5408.0
894,2018-01-09,5377.0
895,2018-01-10,5415.0
896,2018-01-11,5430.0
897,2018-01-12,5419.0
898,2018-01-13,5394.0
899,2018-01-14,5625.0
900,2018-01-15,5424.0
901,2018-01-16,5522.0
902,2018-01-17,5572.0
903,2018-01-18,5569.0
904,2018-01-19,5685.0
905,2018-01-20,5873.0
906,2018-01-21,5810.0
907,2018-01-22,5883.0
908,2018-01-23,5898.0
909,2018-01-24,5961.0
910,2018-01-25,5910.0
911,2018-01-26,5910.0
912,2018-01-27,6004.0
913,2018-01-28,6017.0
914,2018-01-29,5925.0
915,2018-01-30,5867.0
916,2018-01-31,5883.0
917,2018-02-01,5778.0
918,2018-02-02,5865.0
919,2018-02-03,5973.0
920,2018-02-04,5960.0
921,2018-02-05,6025.0
922,2018-02-06,5926.0
923,2018-02-07,5913.0
924,2018-02-08,6002.0
925,2018-02-09,5936.0
926,2018-02-10,6022.0
927,2018-02-11,5955.0
928,2018-02-12,5945.0
929,2018-02-13,5965.0
930,2018-02-14,5860.0
931,2018-02-15,5966.0
932,2018-02-16,5958.0
933,2018-02-17,6036.0
934,2018-02-18,5984.0
935,2018-02-19,5898.0
936,2018-02-20,5814.0
937,2018-02-21,5849.0
938,2018-02-22,5873.0
939,2018-02-23,5926.0
940,2018-02-24,5850.0
941,2018-02-25,5858.0
942,2018-02-26,5803.0
943,2018-02-27,5865.0
944,2018-02-28,5898.0
945,2018-03-01,5879.0
946,2018-03-02,5899.0
947,2018-03-03,5949.0
948,2018-03-04,5881.0
949,2018-03-05,5885.0
950,2018-03-06,5890.0
951,2018-03-07,5915.0
952,2018-03-08,5856.0
953,2018-03-09,5898.0
954,2018-03-10,5893.0
955,2018-03-11,5957.0
956,2018-03-12,5823.0
957,2018-03-13,5865.0
958,2018-03-14,5843.0
959,2018-03-15,5881.0
960,2018-03-16,5918.0
961,2018-03-17,5856.0
962,2018-03-18,5933.0
963,2018-03-19,5961.0
964,2018-03-20,5959.0
965,2018-03-21,5934.0
966,2018-03-22,6014.0
967,2018-03-23,5968.0
968,2018-03-24,6058.0
969,2018-03-25,6024.0
970,2018-03-26,6004.0
971,2018-03-27,5923.0
972,2018-03-28,5949.0
973,2018-03-29,5867.0
974,2018-03-30,5938.0
975,2018-03-31,6050.0
976,2018-04-01,6016.0
977,2018-04-02,6094.0
978,2018-04-03,5999.0
979,2018-04-04,6001.0
980,2018-04-05,6056.0
981,2018-04-06,6051.0
982,2018-04-07,6049.0
983,2018-04-08,6058.0
984,2018-04-09,5995.0
985,2018-04-10,6073.0
986,2018-04-11,5962.0
987,2018-04-12,5898.0
988,2018-04-13,5923.0
989,2018-04-14,5917.0
990,2018-04-15,5939.0
991,2018-04-16,5932.0
992,2018-04-17,5835.0
993,2018-04-18,5795.0
994,2018-04-19,5810.0
995,2018-04-20,5715.0
996,2018-04-21,5883.0
997,2018-04-22,5902.0
998,2018-04-23,5776.0
999,2018-04-24,5720.0
1000,2018-04-25,5818.0
1001,2018-04-26,5867.0
1002,2018-04-27,5714.0
1003,2018-04-28,5713.0
1004,2018-04-29,5833.0
1005,2018-04-30,5724.0
1006,2018-05-01,5622.0
1007,2018-05-02,5712.0
1008,2018-05-03,5681.0
1009,2018-05-04,5632.0
1010,2018-05-05,5741.0
1011,2018-05-06,5763.0
1012,2018-05-07,5835.0
1013,2018-05-08,5734.0
1014,2018-05-09,5730.0
1015,2018-05-10,5683.0
1016,2018-05-11,5751.0
1017,2018-05-12,5754.0
1018,2018-05-13,5760.0
1019,2018-05-14,5638.0
1020,2018-05-15,5732.0
1021,2018-05-16,5645.0
1022,2018-05-17,5704.0
1023,2018-05-18,5636.0
1024,2018-05-19,5603.0
1025,2018-05-20,5642.0
1026,2018-05-21,5687.0
1027,2018-05-22,5601.0
1028,2018-05-23,5655.0
1029,2018-05-24,5563.0
1030,2018-05-25,5635.0
1031,2018-05-26,5719.0
1032,2018-05-27,5634.0
1033,2018-05-28,5704.0
1034,2018-05-29,5649.0
1035,2018-05-30,5609.0
1036,2018-05-31,5647.0
1037,2018-06-01,5624.0
1038,2018-06-02,5632.0
1039,2018-06-03,5619.0
1040,2018-06-04,5672.0
1041,2018-06-05,5591.0
1042,2018-06-06,5633.0
1043,2018-06-07,5639.0
1044,2018-06-08,5679.0
1045,2018-06-09,5610.0
1046,2018-06-10,5641.0
1047,2018-06-11,5657.0
1048,2018-06-12,5714.0
1049,2018-06-13,5752.0
1050,2018-06-14,5765.0
1051,2018-06-15,5782.0
1052,2018-06-16,5871.0
1053,2018-06-17,5915.0
1054,2018-06-18,5954.0
1055,2018-06-19,5802.0
1056,2018-06-20,5823.0
1057,2018-06-21,5872.0
1058,2018-06-22,5820.0
1059,2018-06-23,5922.0
1060,2018-06-24,5881.0
1061,2018-06-25,5665.0
1062,2018-06-26,5748.0
1063,2018-06-27,5847.0
1064,2018-06-28,5762.0
1065,2018-06-29,5764.0
1066,2018-06-30,5870.0
1067,2018-07-01,5837.0
1068,2018-07-02,5929.0
1069,2018-07-03,5809.0
1070,2018-07-04,5837.0
1071,2018-07-05,5808.0
1072,2018-07-06,5844.0
1073,2018-07-07,5820.0
1074,2018-07-08,5697.0
1075,2018-07-09,5855.0
1076,2018-07-10,5783.0
1077,2018-07-11,5931.0
1078,2018-07-12,5993.0
1079,2018-07-13,5953.0
1080,2018-07-14,6006.0
1081,2018-07-15,6067.0
1082,2018-07-16,5851.0
1083,2018-07-17,5889.0
1084,2018-07-18,5757.0
1085,2018-07-19,5793.0
1086,2018-07-20,5838.0
1087,2018-07-21,5997.0
1088,2018-07-22,5975.0
1089,2018-07-23,5862.0
1090,2018-07-24,5815.0
1091,2018-07-25,5900.0
1092,2018-07-26,5852.0
1093,2018-07-27,5909.0
1094,2018-07-28,5991.0
1095,2018-07-29,6010.0
1096,2018-07-30,5963.0
1097,2018-07-31,5919.0
1098,2018-08-01,5861.0
1099,2018-08-02,5854.0
1100,2018-08-03,5916.0
1101,2018-08-04,6003.0
1102,2018-08-05,5932.0
1103,2018-08-06,5923.0
1104,2018-08-07,5875.0
1105,2018-08-08,5957.0
1106,2018-08-09,5930.0
1107,2018-08-10,5926.0
1108,2018-08-11,5945.0
1109,2018-08-12,5835.0
1110,2018-08-13,5872.0
1111,2018-08-14,5952.0
1112,2018-08-15,5965.0
1113,2018-08-16,5940.0
1114,2018-08-17,5840.0
1115,2018-08-18,5883.0
1116,2018-08-19,5930.0
1117,2018-08-20,5932.0
1118,2018-08-21,5961.0
1119,2018-08-22,5922.0
1120,2018-08-23,5853.0
1121,2018-08-24,5946.0
1122,2018-08-25,5926.0
1123,2018-08-26,5947.0
1124,2018-08-27,5942.0
1125,2018-08-28,5898.0
1126,2018-08-29,5890.0
1127,2018-08-30,5910.0
1128,2018-08-31,5953.0
1129,2018-09-01,5880.0
1130,2018-09-02,6027.0
1131,2018-09-03,5887.0
1132,2018-09-04,5968.0
1133,2018-09-05,5956.0
1134,2018-09-06,6048.0
1135,2018-09-07,5913.0
1136,2018-09-08,5936.0
1137,2018-09-09,5899.0
1138,2018-09-10,6007.0
1139,2018-09-11,6002.0
1140,2018-09-12,6043.0
1141,2018-09-13,6004.0
1142,2018-09-14,6066.0
1143,2018-09-15,6051.0
1144,2018-09-16,6113.0
1145,2018-09-17,6080.0
1146,2018-09-18,5967.0
1147,2018-09-19,6123.0
1148,2018-09-20,6014.0
1149,2018-09-21,6084.0
1150,2018-09-22,6038.0
1151,2018-09-23,6080.0
1152,2018-09-24,6075.0
1153,2018-09-25,6113.0
1154,2018-09-26,6112.0
1155,2018-09-27,6081.0
1156,2018-09-28,6098.0
1157,2018-09-29,6095.0
1158,2018-09-30,6114.0
1159,2018-10-01,6095.0
1160,2018-10-02,6180.0
1161,2018-10-03,6075.0
1162,2018-10-04,6146.0
1163,2018-10-05,6099.0
1164,2018-10-06,6222.0
1165,2018-10-07,6241.0
1166,2018-10-08,6179.0
1167,2018-10-09,6149.0
1168,2018-10-10,6168.0
1169,2018-10-11,6143.0
1170,2018-10-12,6170.0
1171,2018-10-13,6176.0
1172,2018-10-14,6182.0
1173,2018-10-15,6095.0
1174,2018-10-16,6114.0
1175,2018-10-17,6130.0
1176,2018-10-18,6142.0
1177,2018-10-19,6065.0
1178,2018-10-20,6158.0
1179,2018-10-21,6124.0
1180,2018-10-22,6065.0
1181,2018-10-23,6168.0
1182,2018-10-24,6124.0
1183,2018-10-25,6123.0
1184,2018-10-26,6122.0
1185,2018-10-27,6100.0
1186,2018-10-28,6137.0
1187,2018-10-29,6111.0
1188,2018-10-30,6043.0
1189,2018-10-31,6157.0
1190,2018-11-01,6069.0
1191,2018-11-02,6069.0
1192,2018-11-03,6119.0
1193,2018-11-04,6109.0
1194,2018-11-05,6075.0
1195,2018-11-06,6064.0
1196,2018-11-07,6144.0
1197,2018-11-08,6066.0
1198,2018-11-09,6091.0
1199,2018-11-10,6113.0
1200,2018-11-11,6121.0
1201,2018-11-12,6171.0
1202,2018-11-13,6095.0
1203,2018-11-14,6071.0
1204,2018-11-15,6073.0
1205,2018-11-16,6182.0
1206,2018-11-17,6112.0
1207,2018-11-18,6159.0
1208,2018-11-19,5999.0
1209,2018-11-20,6028.0
1210,2018-11-21,6136.0
1211,2018-11-22,6063.0
1212,2018-11-23,6119.0
1213,2018-11-24,6119.0
1214,2018-11-25,6154.0
1215,2018-11-26,6071.0
1216,2018-11-27,5995.0
1217,2018-11-28,6026.0
1218,2018-11-29,6121.0
1219,2018-11-30,6046.0
1220,2018-12-01,6057.0
1221,2018-12-02,6061.0
1222,2018-12-03,6033.0
1223,2018-12-04,6039.0
1224,2018-12-05,6017.0
1225,2018-12-06,6056.0
1226,2018-12-07,5972.0
1227,2018-12-08,6023.0
1228,2018-12-09,6097.0
1229,2018-12-10,6176.0
1230,2018-12-11,5984.0
1231,2018-12-12,6076.0
1232,2018-12-13,6097.0
1233,2018-12-14,6014.0
1234,2018-12-15,6115.0
1235,2018-12-16,6039.0
1236,2018-12-17,5891.0
1237,2018-12-18,5861.0
1238,2018-12-19,5849.0
1239,2018-12-20,5853.0
1240,2018-12-21,5837.0
1241,2018-12-22,5925.0
1242,2018-12-23,5865.0
1243,2018-12-24,5927.0
1244,2018-12-25,5967.0
1245,2018-12-26,5961.0
1246,2018-12-27,5893.0
1247,2018-12-28,5907.0
1248,2018-12-29,5960.0
1249,2018-12-30,5886.0
1250,2018-12-31,5921.0
1251,2019-01-01,5871.0
1252,2019-01-02,5931.0
1253,2019-01-03,5580.0
1254,2019-01-04,5554.0
1255,2019-01-05,5620.0
1256,2019-01-06,5585.0
1257,2019-01-07,5610.0
1258,2019-01-08,5562.0
1259,2019-01-09,5610.0
1260,2019-01-10,5568.0
1261,2019-01-11,5566.0
1262,2019-01-12,5541.0
1263,2019-01-13,5635.0
1264,2019-01-14,5629.0
1265,2019-01-15,5619.0
1266,2019-01-16,5528.0
1267,2019-01-17,5561.0
1268,2019-01-18,5619.0
1269,2019-01-19,5683.0
1270,2019-01-20,5599.0
1271,2019-01-21,5094.0
1272,2019-01-22,5072.0
1273,2019-01-23,4991.0
1274,2019-01-24,5086.0
1275,2019-01-25,5106.0
1276,2019-01-26,5055.0
1277,2019-01-27,5013.0
1278,2019-01-28,4884.0
1279,2019-01-29,4870.0
1280,2019-01-30,4949.0
1281,2019-01-31,4931.0
1282,2019-02-01,4848.0
1283,2019-02-02,4935.0
1284,2019-02-03,4858.0
1285,2019-02-04,4938.0
1286,2019-02-05,4900.0
1287,2019-02-06,4892.0
1288,2019-02-07,4918.0
1289,2019-02-08,4923.0
1290,2019-02-09,4900.0
1291,2019-02-10,4298.0
1292,2019-02-11,4195.0
1293,2019-02-12,4273.0
1294,2019-02-13,4169.0
1295,2019-02-14,4166.0
1296,2019-02-15,4158.0
1297,2019-02-16,4224.0
1298,2019-02-17,4139.0
1299,2019-02-18,4196.0
1300,2019-02-19,4288.0
1301,2019-02-20,4242.0
1302,2019-02-21,4252.0
1303,2019-02-22,4238.0
1304,2019-02-23,4353.0
1305,2019-02-24,4254.0
1306,2019-02-25,4238.0
1307,2019-02-26,4281.0
1308,2019-02-27,4281.0
1309,2019-02-28,4366.0
1310,2019-03-01,5994.0
1311,2019-03-02,6402.0
1312,2019-03-03,6379.0
1313,2019-03-04,6384.0
1314,2019-03-05,6429.0
1315,2019-03-06,6399.0
1316,2019-03-07,6438.0
1317,2019-03-08,6388.0
1318,2019-03-09,6380.0
1319,2019-03-10,6513.0
1320,2019-03-11,6389.0
1321,2019-03-12,6453.0
1322,2019-03-13,6399.0
1323,2019-03-14,6422.0
1324,2019-03-15,6424.0
1325,2019-03-16,6511.0
1326,2019-03-17,6415.0
1327,2019-03-18,6368.0
1328,2019-03-19,6416.0
1329,2019-03-20,6475.0
1330,2019-03-21,6372.0
1331,2019-03-22,6409.0
1332,2019-03-23,6431.0
1333,2019-03-24,6432.0
1334,2019-03-25,6429.0
1335,2019-03-26,6358.0
1336,2019-03-27,6458.0
1337,2019-03-28,6373.0
1338,2019-03-29,6369.0
1339,2019-03-30,6371.0
1340,2019-03-31,6417.0
1341,2019-04-01,6420.0
1342,2019-04-02,6357.0
1343,2019-04-03,6336.0
1344,2019-04-04,6406.0
1345,2019-04-05,6427.0
1346,2019-04-06,6452.0
1347,2019-04-07,6476.0
1348,2019-04-08,6441.0
1349,2019-04-09,6430.0
1350,2019-04-10,6455.0
1351,2019-04-11,6384.0
1352,2019-04-12,6420.0
1353,2019-04-13,6483.0
1354,2019-04-14,6422.0
1355,2019-04-15,6443.0
1356,2019-04-16,6408.0
1357,2019-04-17,6381.0
1358,2019-04-18,6406.0
1359,2019-04-19,6449.0
1360,2019-04-20,6370.0
1361,2019-04-21,6462.0
1362,2019-04-22,6429.0
1363,2019-04-23,6296.0
1364,2019-04-24,6392.0
1365,2019-04-25,6466.0
1366,2019-04-26,6453.0
1367,2019-04-27,6476.0
1368,2019-04-28,6389.0
1369,2019-04-29,6452.0
1370,2019-04-30,6412.0
1371,2019-05-01,6465.0
1372,2019-05-02,6442.0
1373,2019-05-03,6341.0
1374,2019-05-04,6530.0
1375,2019-05-05,6386.0
1376,2019-05-06,6359.0
1377,2019-05-07,6395.0
1378,2019-05-08,6336.0
1379,2019-05-09,6364.0
1380,2019-05-10,6439.0
1381,2019-05-11,6396.0
1382,2019-05-12,6441.0
1383,2019-05-13,6360.0
1384,2019-05-14,6470.0
1385,2019-05-15,6470.0
1386,2019-05-16,6342.0
1387,2019-05-17,6439.0
1388,2019-05-18,6402.0
1389,2019-05-19,6386.0
1390,2019-05-20,6349.0
1391,2019-05-21,6339.0
1392,2019-05-22,6401.0
1393,2019-05-23,6329.0
1394,2019-05-24,6392.0
1395,2019-05-25,6526.0
1396,2019-05-26,6428.0
1397,2019-05-27,6393.0
1398,2019-05-28,6342.0
1399,2019-05-29,6536.0
1400,2019-05-30,6301.0
1401,2019-05-31,6476.0
1402,2019-06-01,6366.0
1403,2019-06-02,6386.0
1404,2019-06-03,6322.0
1405,2019-06-04,6401.0
1406,2019-06-05,6398.0
1407,2019-06-06,6452.0
1408,2019-06-07,6345.0
1409,2019-06-08,6337.0
1410,2019-06-09,6368.0
1411,2019-06-10,6447.0
1412,2019-06-11,6392.0
1413,2019-06-12,6372.0
1414,2019-06-13,6417.0
1415,2019-06-14,6410.0
1416,2019-06-15,6368.0
1417,2019-06-16,6436.0
1418,2019-06-17,6380.0
1419,2019-06-18,6369.0
1420,2019-06-19,6397.0
1421,2019-06-20,6397.0
1422,2019-06-21,6332.0
1423,2019-06-22,6457.0
1424,2019-06-23,6400.0
1425,2019-06-24,6436.0
1426,2019-06-25,6422.0
1427,2019-06-26,6421.0
1428,2019-06-27,6386.0
1429,2019-06-28,6395.0
1430,2019-06-29,6433.0
1431,2019-06-30,6426.0
1432,2019-07-01,6434.0
1433,2019-07-02,6407.0
1434,2019-07-03,6397.0
1435,2019-07-04,6411.0
1436,2019-07-05,6379.0
1437,2019-07-06,6483.0
1438,2019-07-07,6482.0
1439,2019-07-08,6419.0
1440,2019-07-09,6453.0
1441,2019-07-10,6398.0
1442,2019-07-11,6436.0
1443,2019-07-12,6339.0
1444,2019-07-13,6438.0
1445,2019-07-14,6525.0
1446,2019-07-15,6346.0
1447,2019-07-16,6318.0
1448,2019-07-17,6381.0
1449,2019-07-18,6478.0
1450,2019-07-19,6364.0
1451,2019-07-20,6504.0
1452,2019-07-21,6403.0
1453,2019-07-22,6481.0
1454,2019-07-23,6477.0
1455,2019-07-24,6436.0
1456,2019-07-25,6358.0
1457,2019-07-26,6451.0
1458,2019-07-27,6477.0
1459,2019-07-28,6458.0
1460,2019-07-29,6379.0
1461,2019-07-30,6502.0
1462,2019-07-31,6405.0
1463,2019-08-01,6343.0
1464,2019-08-02,6511.0
1465,2019-08-03,6472.0
1466,2019-08-04,6435.0
1467,2019-08-05,6445.0
1468,2019-08-06,6450.0
1469,2019-08-07,6482.0
1470,2019-08-08,6384.0
1471,2019-08-09,6420.0
1472,2019-08-10,6496.0
1473,2019-08-11,6423.0
1474,2019-08-12,6484.0
1475,2019-08-13,6427.0
1476,2019-08-14,6459.0
1477,2019-08-15,6413.0
1478,2019-08-16,6449.0
1479,2019-08-17,6480.0
1480,2019-08-18,6437.0
1481,2019-08-19,6374.0
1482,2019-08-20,6432.0
1483,2019-08-21,6449.0
1484,2019-08-22,6400.0
1485,2019-08-23,6468.0
1486,2019-08-24,6315.0
1487,2019-08-25,6572.0
1488,2019-08-26,6363.0
1489,2019-08-27,6415.0
1490,2019-08-28,6410.0
1491,2019-08-29,6493.0
1492,2019-08-30,6414.0
1493,2019-08-31,6420.0
1494,2019-09-01,6402.0
1495,2019-09-02,6432.0
1496,2019-09-03,6401.0
1497,2019-09-04,6392.0
1498,2019-09-05,6449.0
1499,2019-09-06,6383.0
1500,2019-09-07,6428.0
1501,2019-09-08,6402.0
1502,2019-09-09,6434.0
1503,2019-09-10,6388.0
1504,2019-09-11,6437.0
1505,2019-09-12,6436.0
1506,2019-09-13,6313.0
1507,2019-09-14,6440.0
1508,2019-09-15,6377.0
1509,2019-09-16,6455.0
1510,2019-09-17,6429.0
1511,2019-09-18,6477.0
1512,2019-09-19,6327.0
1513,2019-09-20,6451.0
1514,2019-09-21,6392.0
1515,2019-09-22,6391.0
1516,2019-09-23,6448.0
1517,2019-09-24,6276.0
1518,2019-09-25,6384.0
1519,2019-09-26,6403.0
1520,2019-09-27,6337.0
1521,2019-09-28,6438.0
1522,2019-09-29,6418.0
1523,2019-09-30,6384.0
1524,2019-10-01,6426.0
1525,2019-10-02,6337.0
1526,2019-10-03,6400.0
1527,2019-10-04,6440.0
1528,2019-10-05,6441.0
1529,2019-10-06,6449.0
1530,2019-10-07,6364.0
1531,2019-10-08,6352.0
1532,2019-10-09,6362.0
1533,2019-10-10,6344.0
1534,2019-10-11,6359.0
1535,2019-10-12,6329.0
1536,2019-10-13,6374.0
1537,2019-10-14,6387.0
1538,2019-10-15,6431.0
1539,2019-10-16,6332.0
1540,2019-10-17,6300.0
1541,2019-10-18,6328.0
1542,2019-10-19,6354.0
1543,2019-10-20,6367.0
1544,2019-10-21,6293.0
1545,2019-10-22,6412.0
1546,2019-10-23,6384.0
1547,2019-10-24,6264.0
1548,2019-10-25,6127.0
1549,2019-10-26,6267.0
1550,2019-10-27,6174.0
1551,2019-10-28,6242.0
1552,2019-10-29,6211.0
1553,2019-10-30,6234.0
1554,2019-10-31,6216.0
1555,2019-11-01,6279.0
1556,2019-11-02,6166.0
1557,2019-11-03,6270.0
1558,2019-11-04,6196.0
1559,2019-11-05,6227.0
1560,2019-11-06,6203.0
1561,2019-11-07,6167.0
1562,2019-11-08,6189.0
1563,2019-11-09,6137.0
1564,2019-11-10,6001.0
1565,2019-11-11,5984.0
1566,2019-11-12,6022.0
1567,2019-11-13,6013.0
1568,2019-11-14,6030.0
1569,2019-11-15,5986.0
1570,2019-11-16,6014.0
1571,2019-11-17,6023.0
1572,2019-11-18,5981.0
1573,2019-11-19,5896.0
1574,2019-11-20,5990.0
1575,2019-11-21,6070.0
1576,2019-11-22,5963.0
1577,2019-11-23,6054.0
1578,2019-11-24,6013.0
1579,2019-11-25,5901.0
1580,2019-11-26,5663.0
1581,2019-11-27,5656.0
1582,2019-11-28,5626.0
1583,2019-11-29,5617.0
1584,2019-11-30,5702.0
1585,2019-12-01,5608.0
1586,2019-12-02,5668.0
1587,2019-12-03,5634.0
1588,2019-12-04,5572.0
1589,2019-12-05,5623.0
1590,2019-12-06,5606.0
1591,2019-12-07,5661.0
1592,2019-12-08,5627.0
1593,2019-12-09,5647.0
1594,2019-12-10,5696.0
1595,2019-12-11,5580.0
1596,2019-12-12,5706.0
1597,2019-12-13,5473.0
1598,2019-12-14,5131.0
1599,2019-12-15,5127.0
1600,2019-12-16,5096.0
1601,2019-12-17,5050.0
1602,2019-12-18,4989.0
1603,2019-12-19,5015.0
1604,2019-12-20,4989.0
1605,2019-12-21,5078.0
1606,2019-12-22,4993.0
1607,2019-12-23,4998.0
1608,2019-12-24,5074.0
1609,2019-12-25,4988.0
1610,2019-12-26,4995.0
1611,2019-12-27,5024.0
1612,2019-12-28,5071.0
1613,2019-12-29,5035.0
1614,2019-12-30,5015.0
1615,2019-12-31,4987.0
1616,2020-01-01,4980.0
1617,2020-01-02,5679.0
1618,2020-01-03,6522.0
1619,2020-01-04,6570.0
1620,2020-01-05,6488.0
1621,2020-01-06,6586.0
1622,2020-01-07,6533.0
1623,2020-01-08,6495.0
1624,2020-01-09,6530.0
1625,2020-01-10,6551.0
1626,2020-01-11,6528.0
1627,2020-01-12,6515.0
1628,2020-01-13,6540.0
1629,2020-01-14,6525.0
1630,2020-01-15,6486.0
1631,2020-01-16,6533.0
1632,2020-01-17,6549.0
1633,2020-01-18,6516.0
1634,2020-01-19,6570.0
1635,2020-01-20,6518.0
1636,2020-01-21,6572.0
1637,2020-01-22,6472.0
1638,2020-01-23,6575.0
1639,2020-01-24,6514.0
1640,2020-01-25,6491.0
1641,2020-01-26,6495.0
1642,2020-01-27,6552.0
1643,2020-01-28,6511.0
1644,2020-01-29,6551.0
1645,2020-01-30,6452.0
1646,2020-01-31,6489.0
1647,2020-02-01,6488.0
1648,2020-02-02,6537.0
1649,2020-02-03,6524.0
1650,2020-02-04,6566.0
1651,2020-02-05,6456.0
1652,2020-02-06,6516.0
1653,2020-02-07,6509.0
1654,2020-02-08,6467.0
1655,2020-02-09,6491.0
1656,2020-02-10,6592.0
1657,2020-02-11,6534.0
1658,2020-02-12,6463.0
1659,2020-02-13,6481.0
1660,2020-02-14,6493.0
1661,2020-02-15,6472.0
1662,2020-02-16,6552.0
1663,2020-02-17,6447.0
1664,2020-02-18,6480.0
1665,2020-02-19,6557.0
1666,2020-02-20,6480.0
1667,2020-02-21,6475.0
1668,2020-02-22,6528.0
1669,2020-02-23,6532.0
1670,2020-02-24,6481.0
1671,2020-02-25,6456.0
1672,2020-02-26,6528.0
1673,2020-02-27,6513.0
1674,2020-02-28,6501.0
1675,2020-02-29,6519.0
1676,2020-03-01,6495.0
1677,2020-03-02,6533.0
1678,2020-03-03,6501.0
1679,2020-03-04,6536.0
1680,2020-03-05,6409.0
1681,2020-03-06,6568.0
1682,2020-03-07,6540.0
1683,2020-03-08,6552.0
1684,2020-03-09,6431.0
1685,2020-03-10,6498.0
1686,2020-03-11,6529.0
1687,2020-03-12,6448.0
1688,2020-03-13,6382.0
1689,2020-03-14,6490.0
1690,2020-03-15,6513.0
1691,2020-03-16,6488.0
1692,2020-03-17,6509.0
1693,2020-03-18,6531.0
1694,2020-03-19,6482.0
1695,2020-03-20,6436.0
1696,2020-03-21,6444.0
1697,2020-03-22,6300.0
1698,2020-03-23,6448.0
1699,2020-03-24,6348.0
1700,2020-03-25,6374.0
1701,2020-03-26,6478.0
1702,2020-03-27,6554.0
1703,2020-03-28,6488.0
1704,2020-03-29,6573.0
1705,2020-03-30,6460.0
1706,2020-03-31,6472.0
1707,2020-04-01,6553.0
1708,2020-04-02,6484.0
1709,2020-04-03,6527.0
1710,2020-04-04,6491.0
1711,2020-04-05,6507.0
1712,2020-04-06,6433.0
1713,2020-04-07,6554.0
1714,2020-04-08,6502.0
1715,2020-04-09,6479.0
1716,2020-04-10,6515.0
1717,2020-04-11,6412.0
1718,2020-04-12,6581.0
1719,2020-04-13,6510.0
1720,2020-04-14,6482.0
1721,2020-04-15,6491.0
1722,2020-04-16,6469.0
1723,2020-04-17,6445.0
1724,2020-04-18,6444.0
1725,2020-04-19,6487.0
1726,2020-04-20,6496.0
1727,2020-04-21,6437.0
1728,2020-04-22,6481.0
1729,2020-04-23,6454.0
1730,2020-04-24,6476.0
1731,2020-04-25,6418.0
1732,2020-04-26,6458.0
1733,2020-04-27,6453.0
1734,2020-04-28,6420.0
1735,2020-04-29,6526.0
1736,2020-04-30,6377.0
1737,2020-05-01,6475.0
1738,2020-05-02,6471.0
1739,2020-05-03,6421.0
1740,2020-05-04,6541.0
1741,2020-05-05,6506.0
1742,2020-05-06,6386.0
1743,2020-05-07,6455.0
1744,2020-05-08,6486.0
1745,2020-05-09,6398.0
1746,2020-05-10,6493.0
1747,2020-05-11,6435.0
1748,2020-05-12,6398.0
1749,2020-05-13,6484.0
1750,2020-05-14,6455.0
1751,2020-05-15,6423.0
1752,2020-05-16,6402.0
1753,2020-05-17,6471.0
1754,2020-05-18,6406.0
1755,2020-05-19,6386.0
1756,2020-05-20,6455.0
1757,2020-05-21,6455.0
1758,2020-05-22,6353.0
1759,2020-05-23,6513.0
1760,2020-05-24,6411.0
1761,2020-05-25,6363.0
1762,2020-05-26,6478.0
1763,2020-05-27,6444.0
1764,2020-05-28,6413.0
1765,2020-05-29,6434.0
1766,2020-05-30,6440.0
1767,2020-05-31,6475.0
1768,2020-06-01,6401.0
1769,2020-06-02,6458.0
1770,2020-06-03,6401.0
1771,2020-06-04,6427.0
1772,2020-06-05,6484.0
1773,2020-06-06,6435.0
1774,2020-06-07,6466.0
1775,2020-06-08,6411.0
1776,2020-06-09,6480.0
1777,2020-06-10,6372.0
1778,2020-06-11,6458.0
1779,2020-06-12,6506.0
1780,2020-06-13,6488.0
1781,2020-06-14,6526.0
1782,2020-06-15,6462.0
1783,2020-06-16,6435.0
1784,2020-06-17,6416.0
1785,2020-06-18,6450.0
1786,2020-06-19,6503.0
1787,2020-06-20,6463.0
1788,2020-06-21,6505.0
1789,2020-06-22,6455.0
1790,2020-06-23,6442.0
1791,2020-06-24,6483.0
1792,2020-06-25,6450.0
1793,2020-06-26,6448.0
1794,2020-06-27,6365.0
1795,2020-06-28,6522.0
1796,2020-06-29,6393.0
1797,2020-06-30,6479.0
1798,2020-07-01,6409.0
1799,2020-07-02,6442.0
1800,2020-07-03,6475.0
1801,2020-07-04,6427.0
1802,2020-07-05,6494.0
1803,2020-07-06,6457.0
1804,2020-07-07,6492.0
1805,2020-07-08,6506.0
1806,2020-07-09,6430.0
1807,2020-07-10,6406.0
1808,2020-07-11,6533.0
1809,2020-07-12,6491.0
1810,2020-07-13,6493.0
1811,2020-07-14,6406.0
1812,2020-07-15,6465.0
1813,2020-07-16,6414.0
1814,2020-07-17,6454.0
1815,2020-07-18,6526.0
1816,2020-07-19,6451.0
1817,2020-07-20,6436.0
1818,2020-07-21,6380.0
1819,2020-07-22,6460.0
1820,2020-07-23,6522.0
1821,2020-07-24,6502.0
1822,2020-07-25,6355.0
1823,2020-07-26,6488.0
1824,2020-07-27,6444.0
1825,2020-07-28,6476.0
1826,2020-07-29,6512.0
1827,2020-07-30,6386.0
1828,2020-07-31,6479.0
1829,2020-08-01,6517.0
1830,2020-08-02,6486.0
1831,2020-08-03,6476.0
1832,2020-08-04,6405.0
1833,2020-08-05,6457.0
1834,2020-08-06,6515.0
1835,2020-08-07,6483.0
1836,2020-08-08,6457.0
1837,2020-08-09,6530.0
1838,2020-08-10,6482.0
1839,2020-08-11,6468.0
1840,2020-08-12,6507.0
1841,2020-08-13,6479.0
1842,2020-08-14,6504.0
1843,2020-08-15,6475.0
1844,2020-08-16,6505.0
1845,2020-08-17,6398.0
1846,2020-08-18,6561.0
1847,2020-08-19,6507.0
1848,2020-08-20,6534.0
1849,2020-08-21,6490.0
1850,2020-08-22,6456.0
1851,2020-08-23,6577.0
1852,2020-08-24,6516.0
1853,2020-08-25,6425.0
1854,2020-08-26,6569.0
1855,2020-08-27,6497.0
1856,2020-08-28,6533.0
1857,2020-08-29,6508.0
1858,2020-08-30,6531.0
1859,2020-08-31,6592.0
1860,2020-09-01,6531.0
1861,2020-09-02,6491.0
1862,2020-09-03,6463.0
1863,2020-09-04,6607.0
1864,2020-09-05,6542.0
1865,2020-09-06,6611.0
1866,2020-09-07,6470.0
1867,2020-09-08,6523.0
1868,2020-09-09,6490.0
1869,2020-09-10,6510.0
1870,2020-09-11,6571.0
1871,2020-09-12,6501.0
1872,2020-09-13,6545.0
1873,2020-09-14,6458.0
1874,2020-09-15,6551.0
1875,2020-09-16,6454.0
1876,2020-09-17,6590.0
1877,2020-09-18,6435.0
1878,2020-09-19,6526.0
1879,2020-09-20,6593.0
1880,2020-09-21,6567.0
1881,2020-09-22,6439.0
1882,2020-09-23,6527.0
1883,2020-09-24,6513.0
1884,2020-09-25,6452.0
1885,2020-09-26,6426.0
1886,2020-09-27,6368.0
1887,2020-09-28,6404.0
1888,2020-09-29,6387.0
1889,2020-09-30,6404.0
1890,2020-10-01,6425.0
1891,2020-10-02,6361.0
1892,2020-10-03,6375.0
1893,2020-10-04,6373.0
1894,2020-10-05,6446.0
1895,2020-10-06,6472.0
1896,2020-10-07,6337.0
1897,2020-10-08,6301.0
1898,2020-10-09,6378.0
1899,2020-10-10,6509.0
1900,2020-10-11,6569.0
1901,2020-10-12,6457.0
1902,2020-10-13,6574.0
1903,2020-10-14,6538.0
1904,2020-10-15,6565.0
1905,2020-10-16,6496.0
1906,2020-10-17,6527.0
1907,2020-10-18,6450.0
1908,2020-10-19,6594.0
1909,2020-10-20,6505.0
1910,2020-10-21,6513.0
1911,2020-10-22,6538.0
1912,2020-10-23,6474.0
1913,2020-10-24,6582.0
1914,2020-10-25,6479.0
1915,2020-10-26,6466.0
1916,2020-10-27,6545.0
1917,2020-10-28,6551.0
1918,2020-10-29,6526.0
1919,2020-10-30,6491.0
1920,2020-10-31,6526.0
1921,2020-11-01,6511.0
1922,2020-11-02,6474.0
1923,2020-11-03,6518.0
1924,2020-11-04,6527.0
1925,2020-11-05,6514.0
1926,2020-11-06,6539.0
1927,2020-11-07,6500.0
1928,2020-11-08,6538.0
1929,2020-11-09,6507.0
1930,2020-11-10,6452.0
1931,2020-11-11,6528.0
1932,2020-11-12,6512.0
1933,2020-11-13,6534.0
1934,2020-11-14,6542.0
1935,2020-11-15,6546.0
1936,2020-11-16,6476.0
1937,2020-11-17,6525.0
1938,2020-11-18,6456.0
1939,2020-11-19,6609.0
1940,2020-11-20,6452.0
1941,2020-11-21,6566.0
1942,2020-11-22,6509.0
1943,2020-11-23,6451.0
1944,2020-11-24,6567.0
1945,2020-11-25,6469.0
1946,2020-11-26,6533.0
1947,2020-11-27,6417.0
1948,2020-11-28,6599.0
1949,2020-11-29,6512.0
1950,2020-11-30,6570.0
1951,2020-12-01,6519.0
1952,2020-12-02,6441.0
1953,2020-12-03,6559.0
1954,2020-12-04,6449.0
1955,2020-12-05,6495.0
1956,2020-12-06,6558.0
1957,2020-12-07,6465.0
1958,2020-12-08,6484.0
1959,2020-12-09,6603.0
1960,2020-12-10,6425.0
1961,2020-12-11,6486.0
1962,2020-12-12,6491.0
1963,2020-12-13,6487.0
1964,2020-12-14,6524.0
1965,2020-12-15,6489.0
1966,2020-12-16,6535.0
1967,2020-12-17,6540.0
1968,2020-12-18,6491.0
1969,2020-12-19,6514.0
1970,2020-12-20,6542.0
1971,2020-12-21,6504.0
1972,2020-12-22,6502.0
1973,2020-12-23,6597.0
1974,2020-12-24,6470.0
1975,2020-12-25,6435.0
1976,2020-12-26,6583.0
1977,2020-12-27,6508.0
1978,2020-12-28,6597.0
1979,2020-12-29,6410.0
1980,2020-12-30,6544.0
1981,2020-12-31,6502.0
1982,2021-01-01,6545.0
1983,2021-01-02,6601.0
1984,2021-01-03,6476.0
1985,2021-01-04,6517.0
1986,2021-01-05,6532.0
1987,2021-01-06,6485.0
1988,2021-01-07,6436.0
1989,2021-01-08,6593.0
1990,2021-01-09,6476.0
1991,2021-01-10,6554.0
1992,2021-01-11,6528.0
1993,2021-01-12,6555.0
1994,2021-01-13,6561.0
1995,2021-01-14,6406.0
1996,2021-01-15,6581.0
1997,2021-01-16,6508.0
1998,2021-01-17,6494.0
1999,2021-01-18,6496.0
2000,2021-01-19,6533.0
2001,2021-01-20,6578.0
2002,2021-01-21,6478.0
2003,2021-01-22,6481.0
2004,2021-01-23,6541.0
2005,2021-01-24,6481.0
2006,2021-01-25,6524.0
2007,2021-01-26,6514.0
2008,2021-01-27,6468.0
2009,2021-01-28,6498.0
2010,2021-01-29,6453.0
2011,2021-01-30,6390.0
2012,2021-01-31,6637.0
2013,2021-02-01,6489.0
2014,2021-02-02,6494.0
2015,2021-02-03,6484.0
2016,2021-02-04,6516.0
2017,2021-02-05,6447.0
2018,2021-02-06,6519.0
2019,2021-02-07,6554.0
2020,2021-02-08,6468.0
2021,2021-02-09,6485.0
2022,2021-02-10,6528.0
2023,2021-02-11,6517.0
2024,2021-02-12,6524.0
2025,2021-02-13,6423.0
2026,2021-02-14,6559.0
2027,2021-02-15,6496.0
2028,2021-02-16,6485.0
2029,2021-02-17,6549.0
2030,2021-02-18,6447.0
2031,2021-02-19,6577.0
2032,2021-02-20,6495.0
2033,2021-02-21,6485.0
2034,2021-02-22,6496.0
2035,2021-02-23,6502.0
2036,2021-02-24,6469.0
2037,2021-02-25,6515.0
2038,2021-02-26,6542.0
2039,2021-02-27,6489.0
2040,2021-02-28,6467.0
2041,2021-03-01,6476.0
2042,2021-03-02,6550.0
2043,2021-03-03,6408.0
2044,2021-03-04,6515.0
2045,2021-03-05,6525.0
2046,2021-03-06,6563.0
2047,2021-03-07,6477.0
2048,2021-03-08,6500.0
2049,2021-03-09,6433.0
2050,2021-03-10,6532.0
2051,2021-03-11,6415.0
2052,2021-03-12,6470.0
2053,2021-03-13,6512.0
2054,2021-03-14,6522.0
2055,2021-03-15,6437.0
2056,2021-03-16,6520.0
2057,2021-03-17,6484.0
2058,2021-03-18,6501.0
2059,2021-03-19,6506.0
2060,2021-03-20,6527.0
2061,2021-03-21,6421.0
2062,2021-03-22,6490.0
2063,2021-03-23,6505.0
2064,2021-03-24,6484.0
2065,2021-03-25,6514.0
2066,2021-03-26,6539.0
2067,2021-03-27,6485.0
2068,2021-03-28,6493.0
2069,2021-03-29,6511.0
2070,2021-03-30,6518.0
2071,2021-03-31,6452.0
2072,2021-04-01,6516.0
2073,2021-04-02,6454.0
2074,2021-04-03,6527.0
2075,2021-04-04,6561.0
2076,2021-04-05,6510.0
2077,2021-04-06,6483.0
2078,2021-04-07,6426.0
2079,2021-04-08,6455.0
2080,2021-04-09,6457.0
2081,2021-04-10,6582.0
2082,2021-04-11,6546.0
2083,2021-04-12,6516.0
2084,2021-04-13,6474.0
2085,2021-04-14,6449.0
2086,2021-04-15,6500.0
2087,2021-04-16,6433.0
2088,2021-04-17,6467.0
2089,2021-04-18,6501.0
2090,2021-04-19,6400.0
2091,2021-04-20,6580.0
2092,2021-04-21,6519.0
2093,2021-04-22,6417.0
2094,2021-04-23,6450.0
2095,2021-04-24,6500.0
2096,2021-04-25,6509.0
2097,2021-04-26,6471.0
2098,2021-04-27,6488.0
2099,2021-04-28,6463.0
2100,2021-04-29,6484.0
2101,2021-04-30,6451.0
2102,2021-05-01,6489.0
2103,2021-05-02,6418.0
2104,2021-05-03,6507.0
2105,2021-05-04,6504.0
2106,2021-05-05,6518.0
2107,2021-05-06,6466.0
2108,2021-05-07,6447.0
2109,2021-05-08,6486.0
2110,2021-05-09,6478.0
2111,2021-05-10,6517.0
2112,2021-05-11,6447.0
2113,2021-05-12,6439.0
2114,2021-05-13,6538.0
2115,2021-05-14,6477.0
2116,2021-05-15,6474.0
2117,2021-05-16,6458.0
2118,2021-05-17,6419.0
2119,2021-05-18,6463.0
2120,2021-05-19,6423.0
2121,2021-05-20,6463.0
2122,2021-05-21,6410.0
2123,2021-05-22,6462.0
2124,2021-05-23,6454.0
2125,2021-05-24,6487.0
2126,2021-05-25,6404.0
2127,2021-05-26,6431.0
2128,2021-05-27,6425.0
2129,2021-05-28,6463.0
2130,2021-05-29,6467.0
2131,2021-05-30,6417.0
2132,2021-05-31,6423.0
2133,2021-06-01,6478.0
2134,2021-06-02,6506.0
2135,2021-06-03,6404.0
2136,2021-06-04,6519.0
2137,2021-06-05,6434.0
2138,2021-06-06,6532.0
2139,2021-06-07,6431.0
2140,2021-06-08,6475.0
2141,2021-06-09,6437.0
2142,2021-06-10,6462.0
2143,2021-06-11,6454.0
2144,2021-06-12,6434.0
2145,2021-06-13,6473.0
2146,2021-06-14,6431.0
2147,2021-06-15,6505.0
2148,2021-06-16,6399.0
2149,2021-06-17,6472.0
2150,2021-06-18,6405.0
2151,2021-06-19,6426.0
2152,2021-06-20,6469.0
2153,2021-06-21,6316.0
2154,2021-06-22,6437.0
2155,2021-06-23,6429.0
2156,2021-06-24,6418.0
2157,2021-06-25,6342.0
2158,2021-06-26,6427.0
2159,2021-06-27,6448.0
2160,2021-06-28,6466.0
2161,2021-06-29,6406.0
2162,2021-06-30,6455.0
2163,2021-07-01,6350.0
2164,2021-07-02,6437.0
2165,2021-07-03,6417.0
2166,2021-07-04,6458.0
2167,2021-07-05,6419.0
2168,2021-07-06,6425.0
2169,2021-07-07,6390.0
2170,2021-07-08,6450.0
2171,2021-07-09,6406.0
2172,2021-07-10,6447.0
2173,2021-07-11,6423.0
2174,2021-07-12,6377.0
2175,2021-07-13,6307.0
2176,2021-07-14,6390.0
2177,2021-07-15,6427.0
2178,2021-07-16,6339.0
2179,2021-07-17,6357.0
2180,2021-07-18,6371.0
2181,2021-07-19,6435.0
2182,2021-07-20,6339.0
2183,2021-07-21,6414.0
2184,2021-07-22,6422.0
2185,2021-07-23,6346.0
2186,2021-07-24,6457.0
2187,2021-07-25,6401.0
2188,2021-07-26,6338.0
2189,2021-07-27,6277.0
2190,2021-07-28,6291.0
2191,2021-07-29,6356.0
2192,2021-07-30,6267.0
2193,2021-07-31,6298.0
2194,2021-08-01,6314.0
2195,2021-08-02,6396.0
2196,2021-08-03,6346.0
2197,2021-08-04,6322.0
2198,2021-08-05,6349.0
2199,2021-08-06,6451.0
2200,2021-08-07,6549.0
2201,2021-08-08,6496.0
2202,2021-08-09,6505.0
2203,2021-08-10,6507.0
2204,2021-08-11,6401.0
2205,2021-08-12,6510.0
2206,2021-08-13,6474.0
2207,2021-08-14,6500.0
2208,2021-08-15,6420.0
2209,2021-08-16,6500.0
2210,2021-08-17,6516.0
2211,2021-08-18,6399.0
2212,2021-08-19,6565.0
2213,2021-08-20,6459.0
2214,2021-08-21,6431.0
2215,2021-08-22,6521.0
2216,2021-08-23,6409.0
2217,2021-08-24,6509.0
2218,2021-08-25,6439.0
2219,2021-08-26,6504.0
2220,2021-08-27,6431.0
2221,2021-08-28,6460.0
2222,2021-08-29,6489.0
2223,2021-08-30,6472.0
2224,2021-08-31,6443.0
2225,2021-09-01,6455.0
2226,2021-09-02,6541.0
2227,2021-09-03,6466.0
2228,2021-09-04,6429.0
2229,2021-09-05,6529.0
2230,2021-09-06,6459.0
2231,2021-09-07,6417.0
2232,2021-09-08,6495.0
2233,2021-09-09,6466.0
2234,2021-09-10,6459.0
2235,2021-09-11,6396.0
2236,2021-09-12,6538.0
2237,2021-09-13,6412.0
2238,2021-09-14,6461.0
2239,2021-09-15,6454.0
2240,2021-09-16,6492.0
2241,2021-09-17,6467.0
2242,2021-09-18,6451.0
2243,2021-09-19,6508.0
2244,2021-09-20,6432.0
2245,2021-09-21,6496.0
2246,2021-09-22,6437.0
2247,2021-09-23,6411.0
2248,2021-09-24,6455.0
2249,2021-09-25,6573.0
2250,2021-09-26,6402.0
2251,2021-09-27,6454.0
2252,2021-09-28,6358.0
2253,2021-09-29,6412.0
2254,2021-09-30,6338.0
2255,2021-10-01,6485.0
2256,2021-10-02,6388.0
2257,2021-10-03,6363.0
2258,2021-10-04,6366.0
2259,2021-10-05,6411.0
2260,2021-10-06,6427.0
2261,2021-10-07,6324.0
2262,2021-10-08,6417.0
2263,2021-10-09,6349.0
2264,2021-10-10,6375.0
2265,2021-10-11,6382.0
2266,2021-10-12,6353.0
2267,2021-10-13,6320.0
2268,2021-10-14,6330.0
2269,2021-10-15,6318.0
2270,2021-10-16,6446.0
2271,2021-10-17,6385.0
2272,2021-10-18,6316.0
2273,2021-10-19,6440.0
2274,2021-10-20,6354.0
2275,2021-10-21,6487.0
2276,2021-10-22,6411.0
2277,2021-10-23,6348.0
2278,2021-10-24,6359.0
